Player Name,Archetype,Minutes Played,Three-Point Field Goals Made,Three-Point Field Goals Attempted,Two-Point Field Goals Made,Two-Point Field Goals Attempted,Free Throws Made,Free Throws Attempted,Offensive Rebounds,Defensive Rebounds,Assists,Steals,Blocks,Turnovers,Personal Fouls
Daniel Gafford,5,72.5,0.0,0.0,14.2,19.4,4.7,6.9,7.7,14.8,4.7,2.6,6.2,3.0,9.2
Giannis Antetokounmpo,5,35.2,0.5,1.7,11.0,17.1,7.0,10.7,2.7,8.8,6.5,1.2,1.1,3.4,2.9
Joel Embiid,5,33.6,1.4,3.6,10.2,18.3,10.2,11.6,2.4,8.6,5.6,1.2,1.7,3.8,2.9
Marvin Bagley III,5,63.5,0.5,1.4,13.899999999999999,23.200000000000003,5.699999999999999,7.5,7.9,11.0,3.3,1.2,2.0,3.6,4.8
Pascal Siakam,5,99.7,3.3,9.3,22.4,38.400000000000006,10.899999999999999,14.9,5.2,15.9,12.9,2.4000000000000004,1.0,5.3,7.2
Precious Achiuwa,5,63.599999999999994,1.2,4.2,8.3,15.0,2.8,4.6,7.5,11.7,4.2,1.7999999999999998,2.5,3.4000000000000004,5.6
RJ Barrett,5,94.7,4.8,13.1,17.7,32.4,10.9,15.0,2.7,13.3,9.799999999999999,1.6,1.1,6.5,6.5
